Namn,Postadress,Sprit,Vin,Starköl,AJA,ALP,Serveringstider
Amore Fantasia,Norra Storgatan 1,,,,,,11:30—01:00 11:30—00:30
Aroma Restaurang,Norra Kyrkogatan 10,,,,,,11:00—01:00 11:00—00:30
Backhaus Oceanhamnen,Henckels Torg 4,,,,,,11:00—02:00 11:00—00:00 11:00—01:00
Badvakten,Drottninggatan 95,,,,,,11:00—01:00
Banh Mi King (city),Bruksgatan 34,,,,,,11:00—01:00 11:00—00:30
Bankpalatset,Järnvägsgatan 7,,,,,,11:00—02:00 11:00—03:00 11:00—03:00 11:00—00:30
Bar & Café Markelius Konserthuset,Roskildegatan 1,,,,,,11:00—01:00
Bara Vara,Fågelsångsgatan 2,,,,,,11:00—03:00 11:00—00:30 11:00—01:00
Barski,Norra Storgatan 16,,,,,,11:00—01:00 11:00—23:00 11:00—01:00
Bastard Burgers,Södergatan 30,,,,,,11:00—01:00 11:00—22:00
Bastard Burgers Helsingborg City,Norra Kyrkogatan 12,,,,,,11:00—23:00
Batteritorget kök pub glass,Batteritorget 1,,,,,,11:00—01:00 11:00—00:30
Benchwarmers Brewing Co,Industrigatan 121,,,,,,11:00—23:00
Benchwarmers Taproom,Helsingörskajen 2,,,,,,11:00—01:00 11:00—00:30 11:00—01:00
Benchwarmers Taproom Oceanhamnen,Vågbrytargränd 2,,,,,,11:00—01:00 11:00—00:30
Big Buddha,Ålgränden 1,,,,,,11:00—01:00 11:00—00:30
Bikten,Mariagatan 10,,,,,,11:00—03:00 11:00—00:30 11:00—03:00
Bistro 46,Rååvägen 46,,,,,,11:00—01:00 11:00—00:30 11:00—01:00
Bistråå Strandkrog,Kustgatan 94,,,,,,11:00—01:00
Black Smith Burger,Regementsvägen 4,,,,,,11:00—01:00 11:00—00:30 11:00—01:00
Blå Tuppen,Väla Centrum,,,,,,11:00—01:00
Bollbrolyckan,Bollbrogatan 4 - 6,,,,,,11:00—01:00 01:00—03:00 11:00—00:30 11:00—01:00
Bosco,Drottninggatan 15,,,,,,11:00—01:00 11:00—00:30 11:00—01:00
Brasserie Le Coq Rouge,Bruksgatan 19,,,,,,11:00—01:00 11:00—00:00 11:00—01:00
Brasseriet,Redaregatan 50,,,,,,10:00—03:00 10:00—01:00 10:00—03:00 01:00—03:00
Brewski Brew,Cindersgatan 8,,,,,,11:00—01:00 11:00—01:00
Brunchoteket,Drottninggatan 14,,,,,,11:00—23:00 11:00—23:00
Brutale,Drottninggatan 20-22,,,,,,11:00—01:00 11:00—00:30 11:00—01:00
Brödernas Helsingborg Central,Kungstorget 8,,,,,,11:00—01:00
Bullangeriet Fikabar,Kullagatan 8,,,,,,11:00—18:00 11:00—23:00
Bulls Biljard,Norra Strandgatan 32,,,,,,11:00—02:00
Bågen Mat & Bar i Maria Park,Grepgatan 38,,,,,,11:00—22:00 11:00—00:00 11:00—22:00 11:00—00:00
Båten Restaurang & Bar,Helsingörskajen 102,,,,,,11:00—02:30 11:00—00:30 11:00—00:30
Café & Restaurang Tegel,Ytterövägen 167,,,,,,11:00—01:00 11:00—01:00
Café 1886 AB,Drottninggatan 30,,,,,,10:00—01:00 10:00—00:30
Café Due,Mariagatan 2,,,,,,11:00—01:00 11:00—00:30
Cafe Etoile,Drottninggatan 27,,,,,,11:00—01:00 11:00—01:00 11:00—01:00
Café Henry,Kungsgatan 11,,,,,,11:00—01:00 11:00—00:30 01:00—03:00 11:00—01:00
Café Mezo/Firavîn,Södra Storgatan 3,,,,,,11:00—03:00 11:00—01:00 03:00—05:00
Café Ray,Södra Storgatan 39 A,,,,,,10:00—00:00
Cafe Viva,Södra Storgatan 6,,,,,,11:00—01:00 11:00—00:30 11:00—01:00
Centralen,Kungstorget 8,,,,,,11:00—01:00 11:00—01:00
Chateau Foret,Södra Storgatan 19,,,,,,11:00—01:00 11:00—00:00
Chattanoga,Stattena Centrum,,,,,,11:00—01:00
Chiang Mai Thai Kitchen,Bruksgatan 29,,,,,,11:00—01:00 11:00—23:00
Chili Mexican Grill,Kungstorget/Järnvägsgatan 2,,,,,,11:30—01:00
China Town,Sundstorget 5,,,,,,11:00—01:00 11:00—23:00
Clarion Hotel Sea U,Kungsgatan 1,,,,,,11:00—03:00 11:00—01:00 11:00—01:00
Curry Nam Nam,Bruksgatan 10,,,,,,11:00—24:00 11:00—00:00
Diné Burgers,Södra Kyrkogatan 12,,,,,,11:00—01:00 11:00—01:00 11:00—00:30
Diplomat & Bar,Sundstorget 3,,,,,,11:00—00:30 11:00—01:00
Drottninggatan 35,Drottninggatan 35,,,,,,11:00—01:00
Elite Hotel Marina Plaza,Kungstorget 6,,,,,,11:00—03:00 11:00—01:00 11:00—01:00
Elite Hotel Mollberg,Stortorget 18,,,,,,11:00—03:00 11:00—01:00 11:00—01:00 11:00—01:00
Ett litet Makeri,Kungsgatan 12,,,,,,11:00—24:00 11:00—24:00
Fabriken Helsingborg,Rönnowsgatan 8 C,,,,,,11:00—01:00
Fahlmans,Stortorget 11,,,,,,11:00—01:00 11:00—22:00
First Camp Råå Vallar,Kustgatan,,,,,,11:00—01:00 11:00—01:00
Fisk och skaldjur by Anette,Marknadsvägen 9,,,,,,11:00—01:00 11:00—01:00 11:00—01:00
Fredriksborgs Gård,Pålstorpsvägen 115,,,,,,11:00—01:00 01:00—02:00
Fria Bad & Bar,Drottninggatan 95,,,,,,11:00—01:00 11:00—02:00 11:00—01:00 11:00—02:00
Frimurarlogernas Restaurant,Stortorget 4,,,,,,12:00—01:00
G o Co,Marknadsvägen 9,,,,,,11:00—01:00
Gents,Lilla Torggatan 3,,,,,,10:00—01:00
Goa Humlan,Malmögatan 2,,,,,,11:00—01:00 11:00—00:30
Goa Punkten,Gasverksgatan 35,,,,,,11:00—03:00 11:00—00:30
Good Morning + Helsingborg,Gustav Adolfs Gata 47,,,,,,11:00—01:00 11:00—03:00 11:00—01:00
Grekiska Kolgrillen,"Väla Restaurangtorget, Marknadsv 9",,,,,,11:00—01:00
Grytan Restaurang,Industrigatan 70,,,,,,11:00—01:00
Grytan Restaurang - Rya golfklubb,Rya Golfbanevägen 20,,,,,,10:00—01:00
Haket Restaurang,Kullagatan 55,,,,,,11:00—01:00 11:00—00:30
Hamnkrogen,Hamntorget 2,,,,,,11:00—02:00 11:00—01:00
Happy Asian Food Restaurang,Ginstgatan 3,,,,,,11:00—22:00
Havslyckan,Parapeten 1,,,,,,11:00—01:00 11:00—01:00 01:00—03:00 11:00—01:00 11:00—01:00
Helsingborg Arena Restaurang,Mellersta Stenbocksgatan 14,,,,,,11:00—01:00 11:00—00:00
Helsingborgen,Furutorpsgatan 47,,,,,,11:00—03:00 11:00—00:30
Helsingborgs stadsteater,Karl Johans gata 1,,,,,,11:00—01:00 11:00—02:00 11:00—00:00 11:00—00:00 12:00—00:00
Helsingörskajen 10,Helsingörskajen 10,,,,,,11:00—01:00 11:00—00:00
Home Hotel Grand Helsingborg,Stortorget 8-12,,,,,,11:00—03:00 11:00—01:00 11:00—01:00
Hotel Linnéa,Prästgatan 4,,,,,,10:00—00:00 07:00—10:00
Hotell Stadsparken,Bruksgatan 40,,,,,,12:00—00:00 12:00—22:00
Hygge Restaurang & Bar,Sundstorget 5,,,,,,11:00—01:00 11:00—00:30 00:30—01:00
Hålan,Billeplatsen 1,,,,,,11:00—03:00 11:00—00:30
Hörnet,Roskildegatan 2,,,,,,11:00—01:00 11:00—00:30 11:00—01:00
Icha Mochi,Hjälmhultsgatan 8,,,,,,11:00—23:00 11:00—23:00
Icha Mochi City AB,Sundstorget 1-3,,,,,,11:00—03:00 11:00—01:00 11:00—01:00
Il Mio Ristorante,Kungsgatan 2,,,,,,11:00—23:00 12:00—01:00 11:00—23:00 12:00—00:30
Indian Zayka,Bruksgatan 25,,,,,,11:00—00:00 11:00—00:00
Italy Espresso House,Bruksgatan 30,,,,,,11:00—22:00 11:00—00:00
K- Gränd,Kolmätaregränden 7,,,,,,11:00—01:00 11:00—00:30
Kajgatan 1,Kajgatan 1,,,,,,11:00—01:00
Khai & Mui,Kaliforniegatan 13,,,,,,11:00—01:00 11:00—00:30
Kings Corner,Drottninggatan 1,,,,,,11:00—01:00 01:00—03:00 11:00—01:00
Kol & Cocktails,Södra storgatan 11-13,,,,,,11:00—03:00 11:00—01:00 11:00—00:30
Koreana,Bruksgatan 30,,,,,,10:30—23:00 10:30—23:00
Krogen Wallåkra,Drejarestigen,,,,,,11:00—01:00 11:00—01:00
Kryp In Café Vinbar,Mariagatan 4,,,,,,11:00—01:00 11:00—00:30
Kök 74,Drottninggatan 74,,,,,,11:30—23:00
Köket,Sjögatan 1,,,,,,15:00—00:00 15:00—00:00
Laserdome,Södergatan 6,,,,,,11:00—01:00
Lilla Bruket Tågaborg,Tågagatan 31,,,,,,10:00—23:00 10:00—22:00
Lilla spanjoren,Kullagatan 60,,,,,,11:00—01:00
Linnea & Basilika,Drottninggatan 17,,,,,,11:00—21:30 11:00—22:30
Linnéaträdgården,Mariehällsvägen 100,,,,,,11:00—01:00 11:00—00:30 11:00—23:30 11:00—03:00
Lion Bar Helsingborg,Bruksgatan 2,,,,,,11:00—03:00 14:00—00:30
Loftet,Tursköpsvägen 154,,,,,,11:00—01:00 11:00—01:00
Lottenlund Estate Events,Lottenlundsvägen 2,,,,,,11:00—23:00
M/S Tilda,Kungstorget 6/ Öresund ( fartyg ),,,,,,11:00—03:00 11:00—01:00
Machu Picchu Andres,Kajpromenaden 10,,,,,,11:00—01:00 11:00—00:30 11:00—01:00
Madame Moustache,Norra Storgatan 9,,,,,,11:00—01:00 11:00—03:00 11:00—00:00 11:30—00:00
Mammas Kök,Rååvägen 31,,,,,,11:00—01:00 11:00—00:30
MAVI,Fågelsångsgatan 1,,,,,,12:00—01:00
Miatorps Pizzeria & Restaurang,Planteringsvägen 111,,,,,,11:00—23:00
Milano Restaurang & Pizzeria,Ättekullagatan 2,,,,,,11:00—01:00 11:00—01:00
Mindpark,Rönnowsgatan 8 C,,,,,,11:30—01:00
Miss Alice Krog & Butik,Aspavägen 418,,,,,,11:00—01:00
Myzuki,Elinebergsplatsen 5,,,,,,11:00—23:00
Mörarps Pizzeria,Bjuvsleden 11,,,,,,11:00—22:00
Nabo Matbar,Drottninggatan 124,,,,,,11:00—01:00 11:00—00:30
Nancy´s Steakhouse,Marknadsvägen 9,,,,,,11:00—01:00
Nihon Sushi,Badhusgatan 6,,,,,,11:00—01:00 11:00—00:30
NOC/H,Bruksgatan 2,,,,,,11:00—03:00 03:00—05:00
Noise,S Kyrkogatan 7,,,,,,11:00—03:00 03:00—05:00
Norrbro Kök & Bar,Norrbroplatsen 7,,,,,,11:00—01:00 11:00—00:30 11:00—01:00
O´Learys Sportsbar,Rådhustorget 10,,,,,,11:00—03:00 11:00—02:00 11:00—01:00 11:00—00:30
Odd Fellow,Trädgårdsgatan 13,,,,,,11:00—01:00
Old Times,Bruksgatan 24,,,,,,11:00—01:00 11:00—00:30
Olsons Skafferi,Mariagatan 6,,,,,,11:00—01:00 11:00—00:30 11:00—00:30 11:00—01:00
Olympia,Filbornavägen 5,,,,,,11:00—01:00 11:00—01:00 11:00—01:00 11:00—01:00
Olympia Bowling,Idrottens Hus,,,,,,11:00—03:00 11:00—01:00
Olympia Restaurang & Pizzeria,Magnus Erikssons gata 8,,,,,,11:00—23:00
Omakaze Sushi,Rydebäcks stationsgatan 51,,,,,,15:00—21:00 15:00—22:00
OSS Kitchen,Himmelriksgränden 2,,,,,,11:00—22:00 11:00—01:00 11:00—00:00
Oxhallen,Cindersgatan 4,,,,,,11:00—01:00 11:00—00:30
Parapeten,"Hamnpiren, Norra Hamnen",,,,,,11:00—01:00 11:00—03:00
Pausa hos oss - Fredriksdal,Oscar trapps väg 10,,,,,,11:00—16:00 16:00—20:00
Pellegrino,Norra Storgatan 15,,,,,,11:00—01:00 11:00—00:30
Phuun Thai,Hamntorget 3,,,,,,11:00—00:00 11:00—00:00
Phuun Thai Heden,Planteringsvägen 112,,,,,,11:00—21:00
Pikado,Landskronavägen 1-3,,,,,,11:00—03:00
Pinchos Söder,Södergatan 32,,,,,,11:00—01:00
Pitcher´s,Södergatan 32,,,,,,11:00—03:00 11:00—00:30
Primo Il Forno,Tågagatan 74,,,,,,11:00—00:00 11:00—00:00
Pronto i Påarp,Ekebergavägen 3,,,,,,11:00—00:00 11:00—00:00
Pub Nessie,Möllegränden 3,,,,,,11:00—01:00 11:00—00:30
På Piren,Hamnplan,,,,,,11:00—01:00 11:00—01:00 11:00—01:00 11:00—01:00
Påarps Pizzeria,Lokföraregatan 24,,,,,,11:00—00:30
Pålsjö Krog,Drottninggatan 151,,,,,,11:00—01:00 11:00—01:00 11:00—01:00
Pålsjöpaviljongen,Pålsjöpaviljongen 2,,,,,,11:00—01:00 11:00—01:00
Radisson Blu Hotel Metropol,Carl Krooks gata 16,,,,,,11:00—03:00 11:00—00:30 11:00—01:00
Regio,Drottninggatan 100,,,,,,11:00—01:00 11:00—01:00
Restaurang & Pizzeria i Bårslöv,Snödroppegatan 1,,,,,,12:00—22:00
Restaurang Ankaret Råå,Västindiegatan 22,,,,,,12:00—00:00 12:00—00:00
Restaurang Babou,Kajpromenaden 21,,,,,,11:00—01:00 11:00—00:30
Restaurang Créo,Bruksgatan 18,,,,,,11:30—02:00 11:00—02:00
Restaurang Edelweiss,Drottninggatan 15,,,,,,11:00—01:00 11:00—01:00 11:00—00:30
Restaurang Le Cardinal,Södra Kyrkogatan 9,,,,,,11:00—03:00 11:00—04:00 11:00—05:00
Restaurang Marconi,Drottninggatan 72,,,,,,11:00—22:00 11:00—22:00
Restaurang Pub Ro,Båthusgatan 11,,,,,,11:00—01:00 11:00—00:30
Restaurang Yoko,Järnvägsgatan 3,,,,,,11:00—03:00 11:00—01:00 11:00—01:00 03:00—05:00
Restaurangskolan,"Hamnpaviljongen, Parapeten",,,,,,11:00—15:00 11:00—01:00
Rocco´s Wine & Dine,Båthusgatan 15,,,,,,11:00—01:00 11:00—00:00 11:00—00:00
Rodis Pizzeria,Blåkullagatan 3,,,,,,11:00—01:00 11:00—00:30
Rosendal Slott,Rosendal 107,,,,,,11:00—01:00 11:00—00:30
Rosengårdens pizzeria & restaurang,Skaragatan 90,,,,,,11:00—00:30
Roys Fisk o Servering,Kajpromenaden 21,,,,,,11:00—01:00 11:00—00:30
Rydebäcks Pizzeria,Frösgatan 7,,,,,,11:00—01:00 11:00—00:30
Röda Kvarn,Karlsgatan 7,,,,,,16:30—22:00 11:00—01:00
Sams Bar,Carl Krooks gata 50,,,,,,11:00—03:00 11:00—00:30
Scandic Go Gasverksgatan 11,Gasverksgatan 11,,,,,,11:00—01:00
Scandic Hotel,Florettgatan 41,,,,,,11:00—01:00 11:00—01:00
Scandic Oceanhamnen,Bröderna Pihls gränd 2,,,,,,11:00—01:00 11:00—01:00 11:00—00:30
Shark,Södra storgatan 16,,,,,,11:00—22:00
Sillen & Makrillen,Norra Gröningen 1,,,,,,11:00—02:00 11:00—01:00 02:00—03:00
Skonaren Nina,Kajpromenaden,,,,,,12:00—01:00
Small Britain,"Rosendals Slott - Kalvstallet, Rosendals",,,,,,11:00—01:00 11:00—01:00
Sofiero Slott,Sofierovägen 31,,,,,,11:00—02:00 11:00—01:00 11:00—02:00
Sofiero slottsrestaurang Orangeriet,Sofierovägen 131,,,,,,11:00—02:00 11:00—01:00 11:00—01:00
Soho no.5,Drottninghögsvägen 5,,,,,,11:00—01:00
Sorella,Drottninggatan 88,,,,,,11:00—22:30 11:00—21:30
Spectrum,Kullagatan 47,,,,,,12:00—01:00 12:00—23:30 11:00—01:00
Spelpalatset,Gasverksgatan 22,,,,,,11:00—01:00
Strandhuset,Drottninggatan 251,,,,,,11:30—01:00 12:00—00:30 11:00—01:00
Stubinen,Drottninggatan 30,,,,,,11:00—01:00 11:00—00:30
Sundsgårdens Folkhögskola,Örbyvägen 10,,,,,,11:00—01:00 11:00—01:00
Suriyo Thai,Pålsjögatan 8,,,,,,11:00—21:00 11:00—21:30
Taco Bar Helsingborg,Södergatan 11,,,,,,11:00—01:00 11:00—00:30
Taj Mahal,Drottninggatan 24,,,,,,11:00—01:00 11:00—00:00
Takami Sushi,Södra Kyrkogatan 20,,,,,,11:00—23:00 11:00—22:00
Tapasbar La Venta,Mariagatan 8,,,,,,11:00—01:00 11:00—00:00
Telegrafen,Norra Storgatan 14,,,,,,11:00—02:00 11:00—23:00
Teo´s Kök & Bar,Södergatan 60,,,,,,11:00—01:00 11:00—00:30
Thai Corner,Bruksgatan 34,,,,,,11:00—01:00
Thaikrogen,Kurirgatan 1,,,,,,11:00—01:00 11:00—00:30
The Filthy Fisherman,Kolmätaregränden 8,,,,,,11:00—01:00 11:00—00:30
The South Indian,S:t Jörgens plats 8,,,,,,11:00—23:00 11:00—01:00
The Tivoli,Köpenhamnskajen 1,,,,,,11:00—03:00 11:00—01:00 11:00—01:00 03:00—05:00
The Vault Hotel,Stortorget 20,,,,,,11:00—01:00 11:00—02:00 11:00—00:00
Timjan & Tång,Kajpromenaden 6,,,,,,11:00—01:00 11:30—23:30
Torget,Sundstorget 7,,,,,,11:00—01:00 11:00—00:30
Trappan 1899,Slottshagsgatan 1,,,,,,11:00—01:00
Trivas på Råå,Rååvägen 20,,,,,,11:00—01:00 11:00—01:00 11:00—00:30
Troppan,Parapeten 1,,,,,,11:00—01:00
Tågvagnen,Gröningen,,,,,,11:00—00:00 11:00—01:00
Utposten,"Stortorget 17, Box 1121",,,,,,11:00—03:00 11:00—01:00
Utsikten,Kajpromenaden 14,,,,,,11:00—23:00
Vagnhall 16,Gåsebäcksvägen 2,,,,,,11:00—23:00 11:00—01:00 11:00—00:30 23:00—03:00 01:00—03:00 23:00—00:30
Vasatorp Golfrestaurang,Vasatorpallén 54,,,,,,10:00—01:00 10:00—01:00 11:00—01:00
Waynes Coffee,Rådhustorget 12,,,,,,11:00—20:00 11:00—20:00
Ved By Maria,Södra kyrkogatan 22,,,,,,11:00—01:00 11:00—00:00 11:00—23:00 11:00—22:00
Vegeriet,Järnvägsgatan 25,,,,,,11:00—01:00 11:00—00:00
Venezia Pizzeria,Centralgatan 10,,,,,,11:00—01:00 11:00—00:30
Viking bar,Gasverksgatan 13,,,,,,11:00—02:00 11:00—00:30 11:00—00:30
Villa Thalassa,Dag Hamarskjölds Väg 117,,,,,,11:00—03:00 11:00—01:00
Wok Express,Södra Brunnsvägen 57,,,,,,11:00—01:00 11:00—21:00
YA-HA Kök & Bar,Kajpromenaden 2,,,,,,11:00—01:00 11:00—23:30
Yammi Söder,Södergatan 30,,,,,,11:00—01:00 11:00—00:30
Yazhou,Gasverksgatan 15,,,,,,11:00—02:00 11:00—00:30
Zoom Bar & Restaurang,Norra Kyrkogatan 15,,,,,,10:00—01:00 10:00—00:30 11:00—01:00 01:00—03:00 03:00—05:00
Zushi Helsingborg,Karlsgatan 1A,,,,,,11:00—01:00 11:00—00:00
Zushi Ocean,Oceankajen 2,,,,,,11:00—00:00 11:00—01:00 11:00—00:00
Ålgrändens Ost & Deli,Ålgränden 6,,,,,,12:00—00:00 12:00—00:00
Åliven Helsingborg,Kullavägen 57,,,,,,11:00—01:00
Ödåkra Brygghus,Fabriksgatan 2,,,,,,12:00—22:00 12:00—22:00
